tag,mode,target,seed,formula,natoms,label_gap,label_dhf,latent_norm,round,file,lattice_a,volume_per_atom,target_residual,geometry,spacegroup,n_orbits,label_source,label_note,independent_gap,judge,label_structure_gap
d1_pool,conditional/no-family,0.5,2,Zn5I8,13,0.1156426668167114,0.0518436431884765,0.9999999403953552,0,cifs/T0.5_n13_3.cif,5.147,34.83,,wyckoff,99,3,structure,,0.31325241923332214,MEGNet-mfi fidelity 0 (test MAE 0.10 eV),0.11434942483901978
d1_pool,conditional/no-family,0.5,2,TaTe,16,0.0509425401687622,-0.549330472946167,1.0,0,cifs/T0.5_n16_6.cif,10.61,32.26,,wyckoff,46,2,structure,,0.009925693273544312,MEGNet-mfi fidelity 0 (test MAE 0.10 eV),0.05477422475814819
d1_pool,conditional/no-family,0.5,2,PtO6,14,0.27508145570755,-0.5402324199676514,1.0000001192092896,0,cifs/T0.5_n14_8.cif,3.716,5.07,,wyckoff,164,2,structure,,0.03702689707279205,MEGNet-mfi fidelity 0 (test MAE 0.10 eV),0.28856348991394043
d1_pool,conditional/no-family,0.5,2,Te4P,20,0.0805867910385131,-0.1213537454605102,1.0,0,cifs/T0.5_n20_10.cif,4.02,24.24,,wyckoff,119,2,structure,,2.3296291828155518,MEGNet-mfi fidelity 0 (test MAE 0.10 eV),0.06425666809082031
d1_pool,conditional/no-family,0.5,2,Ni4O,10,0.1432737112045288,-0.5056325197219849,1.0,0,cifs/T0.5_n10_14.cif,3.476,23.33,,wyckoff,123,2,structure,,0.0037744641304016113,MEGNet-mfi fidelity 0 (test MAE 0.10 eV),0.13829106092453003
d1_pool,conditional/no-family,0.5,2,LaI,18,0.023356020450592,-1.1903682947158811,1.0,0,cifs/T0.5_n18_18.cif,5.739,47.54,,wyckoff,160,2,structure,,0.8470960855484009,MEGNet-mfi fidelity 0 (test MAE 0.10 eV),0.03796893358230591
d1_pool,conditional/no-family,0.5,2,HfZrAuI4,14,0.2265255451202392,-0.9824763536453248,1.0,0,cifs/T0.5_n14_31.cif,8.994,77.85,,wyckoff,2,7,structure,,0.3228376507759094,MEGNet-mfi fidelity 0 (test MAE 0.10 eV),0.09620934724807739
d1_pool,conditional/no-family,0.5,2,Sn2Pd3Cl,18,0.0861842036247253,-0.4493341445922851,1.0,0,cifs/T0.5_n18_33.cif,5.158,10.69,,wyckoff,156,5,structure,,0.008562684059143066,MEGNet-mfi fidelity 0 (test MAE 0.10 eV),0.07716596126556396
d1_pool,conditional/no-family,0.5,2,BeGaTeHPt2,18,0.3181090950965881,-0.5429162383079529,0.9999999403953552,0,cifs/T0.5_n18_36.cif,4.75,9.03,,wyckoff,156,5,structure,,0.0020277202129364014,MEGNet-mfi fidelity 0 (test MAE 0.10 eV),0.4364200830459595
d1_pool,conditional/no-family,0.5,2,Na2Ag2Sb2Te,7,0.7243807315826416,-0.4128941297531128,1.0,0,cifs/T0.5_n7_38.cif,6.669,48.36,,wyckoff,6,4,structure,,0.5101311802864075,MEGNet-mfi fidelity 0 (test MAE 0.10 eV),0.42573806643486023
d1_pool,conditional/no-family,0.5,2,TePt,18,0.1448287367820739,-0.396902322769165,0.9999999403953552,0,cifs/T0.5_n18_48.cif,3.102,4.96,,wyckoff,160,2,structure,,0.0032528340816497803,MEGNet-mfi fidelity 0 (test MAE 0.10 eV),0.14473575353622437
d1_pool,conditional/no-family,0.5,2,Zr2Br,12,0.0278572440147399,-1.3015458583831787,1.0,0,cifs/T0.5_n12_50.cif,3.455,5.82,,wyckoff,123,2,structure,,0.008281975984573364,MEGNet-mfi fidelity 0 (test MAE 0.10 eV),0.028110027313232422
d1_pool,conditional/no-family,0.5,2,Cu4Sn4S,18,0.0637742280960083,-0.0930695533752441,1.0,0,cifs/T0.5_n18_52.cif,7.996,25.59,,wyckoff,8,5,structure,,0.005809307098388672,MEGNet-mfi fidelity 0 (test MAE 0.10 eV),0.058950841426849365
d1_pool,conditional/no-family,0.5,2,BiI,16,0.4524591267108917,-0.5841625332832336,0.9999999403953552,0,cifs/T0.5_n16_54.cif,6.916,20.1,,wyckoff,59,2,structure,,1.2735826969146729,MEGNet-mfi fidelity 0 (test MAE 0.10 eV),0.40837332606315613
d1_pool,conditional/no-family,1.0,2,KTe,16,0.6163176894187927,-1.0021504163742063,0.9999999403953552,0,cifs/T1_n16_6.cif,9.131,35.67,,wyckoff,38,2,structure,,0.6248636245727539,MEGNet-mfi fidelity 0 (test MAE 0.10 eV),0.9717392921447754
d1_pool,conditional/no-family,1.0,2,CaTe,16,0.8731402158737183,-1.3043314218521118,1.0,0,cifs/T1_n16_22.cif,5.612,67.21,,wyckoff,44,2,structure,,0.19374069571495056,MEGNet-mfi fidelity 0 (test MAE 0.10 eV),0.8396483063697815
d1_pool,conditional/no-family,1.5,2,TlPb2S3,12,1.4051153659820557,-0.6370740532875061,0.9999999403953552,0,cifs/T1.5_n12_24.cif,7.367,39.51,,wyckoff,25,4,structure,,2.0963587760925293,MEGNet-mfi fidelity 0 (test MAE 0.10 eV),1.4501603841781616
d1_pool,conditional/no-family,1.5,2,Ca2PSe2,20,1.7505347728729248,-1.7558505535125732,0.9999998807907104,0,cifs/T1.5_n20_77.cif,8.164,20.88,,wyckoff,113,3,structure,,0.1828068196773529,MEGNet-mfi fidelity 0 (test MAE 0.10 eV),1.5461807250976562
d1_pool,conditional/no-family,1.5,2,Cs(PbCl)2,20,1.7822455167770386,-1.3291817903518677,1.0,0,cifs/T1.5_n20_117.cif,12.988,33.54,,wyckoff,12,3,structure,,0.9206523895263672,MEGNet-mfi fidelity 0 (test MAE 0.10 eV),1.7633976936340332
d1_pool,conditional/no-family,1.5,2,ZnCdPS2,20,1.643626689910889,-0.763038158416748,0.9999999403953552,0,cifs/T1.5_n20_125.cif,5.717,12.95,,wyckoff,19,5,structure,,1.8261524438858032,MEGNet-mfi fidelity 0 (test MAE 0.10 eV),1.6134448051452637
d1_pool,conditional/no-family,1.5,2,ZrN,16,1.1169893741607666,-1.7569409608840942,1.0,0,cifs/T1.5_n16_141.cif,7.753,30.44,,wyckoff,82,2,structure,,0.0,MEGNet-mfi fidelity 0 (test MAE 0.10 eV),0.2951751947402954
d1_pool,conditional/no-family,1.5,2,CaTe,16,1.0519976615905762,-1.424709677696228,0.9999999403953552,0,cifs/T1.5_n16_158.cif,8.447,26.93,,wyckoff,12,2,structure,,1.5046861171722412,MEGNet-mfi fidelity 0 (test MAE 0.10 eV),1.0312070846557617
d1_pool,conditional/no-family,1.5,2,Na2O2,16,1.607163429260254,-1.1551748514175415,1.0,0,cifs/T1.5_n16_173.cif,6.062,15.22,,wyckoff,136,2,structure,,1.3525211811065674,MEGNet-mfi fidelity 0 (test MAE 0.10 eV),1.5652214288711548
d1_pool,conditional/no-family,1.5,2,CaSe,16,1.959181785583496,-2.0234830379486084,0.9999999403953552,0,cifs/T1.5_n16_187.cif,8.011,27.28,,wyckoff,40,2,structure,,2.271618127822876,MEGNet-mfi fidelity 0 (test MAE 0.10 eV),1.8753113746643066
d1_pool,conditional/no-family,2.0,2,CaBr,16,1.973235845565796,-1.7323639392852783,1.0,0,cifs/T2_n16_21.cif,8.996,38.12,,wyckoff,74,2,structure,,1.6465531587600708,MEGNet-mfi fidelity 0 (test MAE 0.10 eV),5.813100814819336
d1_pool,conditional/no-family,2.0,2,CsI,16,2.3794379234313965,-1.2153400182724,1.0,0,cifs/T2_n16_101.cif,5.854,24.35,,wyckoff,36,2,structure,,2.7575628757476807,MEGNet-mfi fidelity 0 (test MAE 0.10 eV),2.4378013610839844
d1_pool,conditional/no-family,2.0,2,CsI,16,1.768607497215271,-1.1169394254684448,0.9999999403953552,0,cifs/T2_n16_164.cif,4.256,11.45,,wyckoff,123,2,structure,,2.0144808292388916,MEGNet-mfi fidelity 0 (test MAE 0.10 eV),1.754366397857666
d1_pool,conditional/no-family,2.0,2,PS,16,1.6853671073913574,-0.4139871597290039,1.0,0,cifs/T2_n16_166.cif,7.169,73.48,,wyckoff,15,2,structure,,3.48881196975708,MEGNet-mfi fidelity 0 (test MAE 0.10 eV),2.690164089202881
d1_pool,conditional/no-family,2.0,2,Sr(HgCl)2,20,2.164714336395264,-0.9687183499336244,0.9999999403953552,0,cifs/T2_n20_295.cif,6.084,10.0,,wyckoff,38,3,structure,,1.9149682521820068,MEGNet-mfi fidelity 0 (test MAE 0.10 eV),2.1717536449432373
d1_pool,conditional/no-family,2.5,2,SrI,16,2.726517677307129,-1.5180028676986694,0.9999999403953552,0,cifs/T2.5_n16_108.cif,9.276,45.46,,wyckoff,40,2,structure,,0.8191854953765869,MEGNet-mfi fidelity 0 (test MAE 0.10 eV),2.6973390579223633
d1_pool,conditional/no-family,2.5,2,Al(CBr)2,20,2.016465663909912,-0.6329287886619568,1.0,0,cifs/T2.5_n20_141.cif,6.181,25.07,,wyckoff,65,3,structure,,3.14339017868042,MEGNet-mfi fidelity 0 (test MAE 0.10 eV),2.1339564323425293
d1_pool,conditional/no-family,2.5,2,CsHCl3,20,2.5121114253997803,-1.5227394104003906,1.0000001192092896,0,cifs/T2.5_n20_180.cif,6.035,16.28,,wyckoff,62,4,structure,,4.399685859680176,MEGNet-mfi fidelity 0 (test MAE 0.10 eV),3.665454149246216
d1_pool,conditional/no-family,2.5,2,SrO,16,2.808518409729004,-2.869792938232422,1.0,0,cifs/T2.5_n16_280.cif,7.496,20.87,,wyckoff,63,2,structure,,2.708709239959717,MEGNet-mfi fidelity 0 (test MAE 0.10 eV),2.148416042327881
d1_pool,conditional/no-family,2.5,2,BeBr2,18,2.657099485397339,-1.5296316146850586,0.9999999403953552,0,cifs/T2.5_n18_586.cif,5.506,7.19,,wyckoff,176,2,structure,,3.1599555015563965,MEGNet-mfi fidelity 0 (test MAE 0.10 eV),2.644211530685425
d1_pool,conditional/no-family,3.0,2,BaBHS2,10,3.005218744277954,-1.3107930421829224,1.0,0,cifs/T3_n10_198.cif,9.971,100.93,,wyckoff,2,5,structure,,2.7525248527526855,MEGNet-mfi fidelity 0 (test MAE 0.10 eV),2.733292818069458
d1_pool,conditional/no-family,3.0,2,CaO,16,3.198662757873535,-3.21773099899292,1.0,0,cifs/T3_n16_540.cif,8.241,25.46,,wyckoff,15,2,structure,,2.9381885528564453,MEGNet-mfi fidelity 0 (test MAE 0.10 eV),2.8358047008514404
d1_pool,conditional/no-family,4.0,2,Ba(ClO3)2,18,4.347097396850586,-1.199849247932434,0.9999999403953552,0,cifs/T4_n18_785.cif,7.87,29.73,,wyckoff,26,5,structure,,0.6489847898483276,MEGNet-mfi fidelity 0 (test MAE 0.10 eV),4.368329048156738
