tag,model,labels,latent,manifold,isolates,returned,yield_pct,distinct,novel_pct,rho_dft,p_dft,rho_cgcnn,slope_dft,hit_dft_pct,hit_dft_full_pct,hit_cgcnn_pct,metal_pct,label_mae_dft,label_r_dft,target_overlap_jaccard,rounds_mean,passing_latents_pct,top_first_failures
R,-,-,-,-,chance: random valid compositions,126,100.0,73,58.730158730158735,0.028642056385894808,0.8402597132917734,0.0013071995514191503,0.06061884669479623,7.6923076923076925,7.6923076923076925,10.465116279069768,36.53846153846153,,,0.09383738323215114,,,
O,DFT,-,-,-,ceiling: valid Perov-5 compositions ranked by their DFT gap,126,100.0,39,0.0,0.8269462259674704,8.501997414725311e-33,0.7974733776836817,0.9158730158730162,21.428571428571427,21.428571428571427,19.841269841269842,26.984126984126984,,,0.346490331732641,,,
G1,A1 control,latent,clip,0,retraining alone,126,100.0,28,0.0,0.0467334817517433,0.6033159099456902,-0.0012035652651270006,0.12420634920634929,11.904761904761903,11.904761904761903,10.317460317460316,22.22222222222222,2.6134534549736785,0.09931917924018964,0.39008240989112286,1.0,67.46031746031746,"property_window_heat_all 826, no charge-balancing element 492, tolerance_factor 423"
G6,A1 control,structure,sphere,1,full search without the new losses,17,13.492063492063492,9,0.0,,,,,0.0,0.0,0.0,100.0,6.016159506405101,,,4.714285714285714,1.430976430976431,"property_window_dir_gap 20451, no charge-balancing element 5081, tolerance_factor 2686"
S1,A1 control,screen,-,-,screening with the control model,13,10.317460317460318,13,0.0,,,,,0.0,0.0,0.0,92.3076923076923,5.862363846153846,0.09280243979943785,,0.0,0.0,
G2,A2 grounded,latent,clip,0,"new model, old search and labels",126,100.0,32,0.0,0.05272239930317907,0.5576622471631628,0.039651383521046316,0.011706349206348745,7.142857142857142,7.142857142857142,6.349206349206349,19.047619047619047,3.126885452298891,0.00913489413941994,0.3610479279431071,1.0476190476190477,56.43939393939394,"no charge-balancing element 1713, property_window_heat_all 489, property_window_dir_gap 432"
G3,A2 grounded,structure,clip,0,+ labels read from the structure,48,38.095238095238095,22,0.0,0.9831506228102498,1.3362214887266868e-35,0.9770425298067018,0.9677197802197802,66.66666666666666,66.66666666666666,64.58333333333334,25.0,0.3479731591728826,0.9722037701139471,0.0,5.0,6.5476190476190474,"property_window_dir_gap 18010, no charge-balancing element 8572, tolerance_factor 1924"
G4,A2 grounded,structure,sphere,0,+ unit sphere,52,41.26984126984127,21,0.0,0.9799823408665567,1.0246761187500321e-36,0.981083374307952,0.970933770184882,65.38461538461539,65.38461538461539,61.53846153846154,25.0,0.35740545294605774,0.9690148452055002,0.0,4.904761904761905,7.564724919093851,"property_window_dir_gap 17294, no charge-balancing element 9118, tolerance_factor 1465"
G5,A2 grounded,structure,sphere,1,full fix,52,41.26984126984127,21,0.0,0.9833385888289297,1.083956298811283e-38,0.979383236003391,0.9798121376678656,67.3076923076923,67.3076923076923,61.53846153846154,26.923076923076923,0.33307179811482246,0.9748175927611007,0.0,5.0,6.904761904761905,"property_window_dir_gap 17849, no charge-balancing element 9449, tolerance_factor 1322"
G5w100,A2 grounded,structure,sphere,100,"full fix, manifold pull x100",51,40.476190476190474,20,0.0,0.9792718008090538,1.211996350811698e-35,0.9768609801814796,0.9685672514619884,64.70588235294117,64.70588235294117,58.82352941176471,23.52941176470588,0.3733893132092906,0.9681099002936117,0.0,5.0,6.944444444444445,"property_window_dir_gap 17825, no charge-balancing element 9356, tolerance_factor 1408"
G5w1000,A2 grounded,structure,sphere,1000,"full fix, manifold pull x1000",54,42.857142857142854,23,0.0,0.9803316397565394,2.531105627251023e-38,0.9812011793798708,0.9703012912482067,66.66666666666666,66.66666666666666,61.111111111111114,24.074074074074073,0.35809442428527055,0.969766454902463,0.0,4.904761904761905,7.241100323624596,"property_window_dir_gap 17551, no charge-balancing element 9077, tolerance_factor 1370"
G5w1e4,A2 grounded,structure,sphere,10000,"full fix, manifold pull x10000 (on the scale of the objectives)",48,38.095238095238095,21,0.0,0.9824164444483294,3.5360286353274255e-35,0.9821941144191825,0.9739509105304831,64.58333333333334,64.58333333333334,60.416666666666664,27.083333333333332,0.3456003461653987,0.9725283878896017,0.0,5.0,7.142857142857143,"property_window_dir_gap 17629, no charge-balancing element 9482, tolerance_factor 1448"
S2,A2 grounded,screen,-,-,screening with the grounded model,33,26.19047619047619,33,54.54545454545454,0.9553433939891922,2.9575980509035623e-08,-0.23108261428689397,0.8177631578947367,60.0,60.0,30.303030303030305,0.0,0.42051266666666653,0.9117726576661854,0.0,0.0,0.0,
G8,A3 prop_only,structure,sphere,1,loss ablation: structure_property only,50,39.682539682539684,21,0.0,0.9886523294942527,3.5236086938728176e-41,0.9657659393028429,1.0319088754682364,60.0,60.0,48.0,34.0,0.3407664781361819,0.9861450756911724,0.0,4.9523809523809526,10.376602564102564,"property_window_dir_gap 21576, no charge-balancing element 3886, tolerance_factor 2286"
G9,A4 recon_only,structure,sphere,1,loss ablation: structure_reconstruction only,36,28.571428571428573,18,0.0,0.7903225806451614,9.872515100300962e-09,0.786560884002598,4.250000000000001,5.555555555555555,5.555555555555555,0.0,19.444444444444446,1.9630025890138414,0.8306160784389273,0.0,4.285714285714286,5.092592592592593,"property_window_dir_gap 12105, no charge-balancing element 9965, tolerance_factor 2792"
G10,A2' grounded seed 1,structure,sphere,1,replicate of the full fix,55,43.65079365079365,23,0.0,0.9323740178286648,4.430071684687551e-25,0.9814329208538568,0.9391915864166247,65.45454545454545,65.45454545454545,58.18181818181818,34.54545454545455,0.46975760836492886,0.9355691617680737,0.0,4.571428571428571,11.50173611111111,"property_window_dir_gap 12877, no charge-balancing element 10388, tolerance_factor 1971"
V2C,v2 (site order + periodic),structure,sphere,1,"v2 model, current grounded search",53,42.06349206349206,23,0.0,0.9622577478566238,1.7237341291818494e-30,0.9639344681253651,1.0330153559795257,20.754716981132077,20.754716981132077,26.41509433962264,20.754716981132077,0.8433623811124631,0.9526366331550522,0.0,4.904761904761905,10.720064724919094,"property_window_dir_gap 17291, tolerance_factor 5838, no charge-balancing element 3954"
V2R,v2 (site order + periodic),structure,random,-,"v2 model, random proposals + filter (no optimisation)",46,36.507936507936506,21,2.1739130434782608,0.9604104662942001,1.7094437141051812e-25,0.909174568661907,1.067657992565056,26.666666666666668,26.666666666666668,30.434782608695656,26.666666666666668,0.7565181365609169,0.9585431402453737,0.0,4.9523809523809526,5.288461538461538,"property_window_dir_gap 17111, no charge-balancing element 6015, tolerance_factor 5487"
V2S,v2 (site order + periodic),structure,sphere,1000 top5,"v2 model, steered search + filter",38,30.158730158730158,18,0.0,0.957155188023395,5.783274189410486e-21,0.9527598061566316,0.9932014833127322,18.421052631578945,18.421052631578945,26.31578947368421,18.421052631578945,0.9615097746056949,0.9397338653507993,0.0,5.0,10.317460317460318,"property_window_dir_gap 17324, no charge-balancing element 5180, tolerance_factor 4815"
V2S1R,v2 seed 1,structure,random,-,"v2 seed 1, random proposals + filter",48,38.095238095238095,16,0.0,0.9744922389730145,1.689984691942396e-31,0.9667776438401758,0.9292548298068077,62.5,62.5,62.5,37.5,0.433181278873235,0.9686658188097713,0.0,5.0,11.547619047619047,"property_window_dir_gap 18781, no charge-balancing element 4815, tolerance_factor 3943"
V2S1S,v2 seed 1,structure,sphere,1000 top5,"v2 seed 1, steered search + filter",36,28.571428571428573,15,0.0,0.9646868775680651,2.809488124783662e-21,0.9630838283554035,0.9258645533141209,58.333333333333336,58.333333333333336,58.333333333333336,44.44444444444444,0.44682851934598555,0.9717646038863916,0.0,5.0,6.111111111111111,"property_window_dir_gap 22923, tolerance_factor 4323, no charge-balancing element 1439"
OA,A2 grounded,structure,neighbours,family,"Option A: aim with alignment, sample between nearest real structures",24,19.047619047619047,10,0.0,0.9825674713903724,1.4363465877938292e-17,0.9825674713903724,0.9915254237288134,83.33333333333334,83.33333333333334,66.66666666666666,33.33333333333333,0.17863525574405972,0.9959920002686633,0.0,5.0,18.53174603174603,"property_window_dir_gap 24539, tolerance_factor 620"
OAs1,A2' grounded seed 1,structure,neighbours,family,"Option A, replicate model",37,29.365079365079364,17,0.0,0.8959688029590492,6.824641786499485e-14,0.9772370956375013,0.8701925882696239,56.75675675675676,56.75675675675676,48.64864864864865,27.027027027027028,0.49319817083510187,0.9190551258452058,0.0,5.0,17.023809523809526,"property_window_dir_gap 18703, tolerance_factor 6756, no charge-balancing element 172"
OAall,A2 grounded,structure,neighbours,all,"Option A, neighbours from all training materials",19,15.079365079365079,13,0.0,0.9764399610498383,9.29145741224648e-13,0.9764399610498383,1.014444444444444,73.68421052631578,73.68421052631578,57.89473684210527,26.31578947368421,0.29660503534894234,0.9821300578765851,0.0,5.0,19.841269841269842,"property_window_dir_gap 20476, tolerance_factor 2996, no charge-balancing element 1163"
AR,A2 grounded,structure,random,-,"random proposals + filter, same decoding as Option A",39,30.952380952380953,20,0.0,0.9793178959936325,2.8025109918846633e-27,0.9852537205533933,0.979564983888292,64.1025641025641,64.1025641025641,58.97435897435898,23.076923076923077,0.34119023080819677,0.9751258094734548,0.0,5.0,3.5317460317460316,"property_window_dir_gap 13910, no charge-balancing element 13687, tolerance_factor 1697"
ARs1,A2' grounded seed 1,structure,random,-,"random proposals + filter, replicate model",50,39.682539682539684,23,0.0,0.8981891914387253,9.350472857613581e-19,0.9809665156515057,0.8943259681268766,62.0,62.0,60.0,34.0,0.5676127218306064,0.9098352826931956,0.0,4.619047619047619,6.615120274914089,"property_window_dir_gap 12348, no charge-balancing element 11661, tolerance_factor 2363"
