key,formula,n_returned,label_gap,megnet_gllbsc_gap,mp_pbe_gap,e_hull,stability_source,a_relaxed,structure_kind,spacegroup,tau,goldschmidt_t,oxidation,mp_status,novel_perov5,targets,target,novel_mp,stable,formable,la_analogue_gap,y_analogue_gap,analogue_on_target,on_target,literature,novel_lit,SUN,SUN_on_target
Ce|Co|O|F,CeCoO2F,3,0.0300089952846367,0.8634366989135742,,0.2811374505360895,absent from MP: MLIP hull vs MP competing phases,4.05666667,distorted,P2_12_12_1,2.0396963234473784,0.9054077402467184,Ce3+ Co2+,absent from MP,True,[0.0],0.0,True,False,True,0.0,0.0,True,False,,True,False,False
Ce|Ti|O|N,CeTiNO2,3,1.737574577331543,1.3705230951309204,,0.1554916381835926,absent from MP: MLIP hull vs MP competing phases,4.22333333,distorted,Pnma,1.7030655477774208,0.9637603536172202,Ce3+ Ti4+,absent from MP,True,"[1.5, 2.0]",1.75,True,False,True,2.5,2.8,False,True,,True,False,False
Dy|Ni|O|F,DyNiO2F,1,0.0201533734798431,2.9562270641326904,,0.120475689570112,absent from MP: MLIP hull vs MP competing phases,4.0,distorted,P2_1/c,3.4403992493851634,0.8415711190928281,Dy3+ Ni2+,absent from MP,True,[0.0],0.0,True,False,True,0.0,0.0,True,False,,True,False,False
Gd|Ta|O|N,GdTaN2O,1,1.7679173946380615,1.6644830703735352,,0.029763666788737,absent from MP: MLIP hull vs MP competing phases,4.16,distorted,Cc,2.7201159565485447,0.865865851770258,Gd3+ Ta5+,absent from MP,True,[1.5],1.5,True,True,True,2.1,2.5,False,True,Cordes & Schnick 2017,False,False,False
Nd|Ni|O|F,NdNiO2F,1,0.0183820724487304,3.4834136962890625,,0.1288539091746035,absent from MP: MLIP hull vs MP competing phases,4.0,distorted,P2_12_12_1,2.0460048153137897,0.905552877842127,Nd3+ Ni2+,absent from MP,True,[0.0],0.0,True,False,True,0.0,0.0,True,False,,True,False,False
Sm|Sn|O|N,SmSnNO2,2,1.3935434818267822,2.878215789794922,,0.2187453150749236,absent from MP: MLIP hull vs MP competing phases,4.18,distorted,Pnma,2.2554014520093606,0.8914237146711926,Sm3+ Sn4+,absent from MP,True,[1.5],1.5,True,False,True,2.3,3.1,False,False,,True,False,False
Tm|Zr|O|N,TmZrNO2,1,0.7419473528862,4.4558610916137695,,0.0534903208414707,absent from MP: MLIP hull vs MP competing phases,4.24,distorted,Pna2_1,4.531731495075566,0.8168074593893204,Tm3+ Zr4+,absent from MP,True,[0.5],0.5,True,True,False,3.7,3.7,False,False,,True,True,False
Yb|Mg|O|F,YbMgO2F,1,0.2820884883403778,0.9410266876220704,,0.1690433502197246,absent from MP: MLIP hull vs MP competing phases,4.24,distorted,P-1,4.657508503387524,0.8157021946406342,Yb3+ Mg2+,absent from MP,True,[0.5],0.5,True,False,False,5.0,0.0,False,True,,True,False,False
Yb|Nb|O|N,YbNbN2O,1,0.3927744030952453,1.9460537433624268,,0.0,absent from MP: MLIP hull vs MP competing phases,4.16,distorted,Cc,3.270689247979057,0.8437687648581783,Yb3+ Nb5+,absent from MP,True,[0.5],0.5,True,True,True,1.7,1.9,False,False,,True,True,False
Yb|Zr|O|N,YbZrNO2,2,1.4765963554382324,0.6420236825942993,,0.0302700042724612,absent from MP: MLIP hull vs MP competing phases,4.24,distorted,Cc,4.717693688572709,0.8135032220940561,Yb3+ Zr4+,absent from MP,True,[1.5],1.5,True,True,False,3.7,3.7,False,False,,True,True,False
Ce|Nb|O|N,CeNbN2O,3,1.2670470476150513,1.345234751701355,,0.031945885552302,absent from MP: MLIP hull vs MP competing phases,4.16,distorted,Pnma,1.750159561408425,0.9450754094704816,Ce3+ Nb5+,absent from MP,True,"[1.0, 1.5]",1.25,True,True,True,1.7,1.9,True,True,,True,True,True
Dy|Fe|O|F,DyFeO2F,2,0.0169022530317306,2.1294519901275635,,0.1495741367340155,absent from MP: MLIP hull vs MP competing phases,4.225,distorted,Cc,5.456703846742895,0.8064514587906543,Dy3+ Fe2+,absent from MP,True,[0.0],0.0,True,False,False,0.0,0.0,True,False,,True,False,False
Dy|Zn|O|F,DyZnO2F,3,1.7006340026855469,4.887425422668457,,0.1936725616455081,absent from MP: MLIP hull vs MP competing phases,4.28,distorted,P1,4.38892836679774,0.8216914863583518,Dy3+ Zn2+,absent from MP,True,"[1.5, 2.0]",1.75,True,False,False,3.9,0.0,False,False,,True,False,False
Lu|V|O|N,LuVNO2,6,0.0147992186248301,1.8640681505203247,,0.2632092285156258,absent from MP: MLIP hull vs MP competing phases,4.075,distorted,Cc,2.711885094369401,0.8669129137347071,Lu3+ V4+,absent from MP,True,[0.0],0.0,True,False,True,0.0,0.0,True,False,,True,False,False
Pr|Ta|O|N,PrTaN2O,1,0.4783664345741272,1.4560911655426023,,0.0181461970011564,absent from MP: MLIP hull vs MP competing phases,4.16,distorted,Pnma,2.2957955835926924,0.8903426249651769,Pr3+ Ta5+,absent from MP,True,"[0.5, 2.0]",1.25,True,True,True,2.1,2.5,False,True,Cordes & Schnick 2017,False,False,False
Tm|Ni|O|F,TmNiO2F,1,0.0295665673911571,2.941751718521118,,0.0984210173289001,absent from MP: MLIP hull vs MP competing phases,4.0,distorted,P2_1/c,3.8400756492336905,0.8309645173750299,Tm3+ Ni2+,absent from MP,True,[0.0],0.0,True,True,True,0.0,0.0,True,False,,True,True,True
Ce|Ni|O|F,CeNiO2F,5,0.0285025693476199,0.4467895627021789,,0.2256599850124754,absent from MP: MLIP hull vs MP competing phases,4.0,distorted,P2_1/c,1.7729221303849492,0.9295032688178004,Ce3+ Ni2+,absent from MP,True,[0.0],0.0,True,False,True,0.0,0.0,True,True,,True,False,False
Dy|Mg|O|F,DyMgO2F,3,2.734329462051392,8.171904563903809,,0.1040132522583014,absent from MP: MLIP hull vs MP competing phases,4.24,distorted,Pnma,3.9656100989582286,0.8295295609500054,Dy3+ Mg2+,absent from MP,True,"[2.5, 3.0, 4.0]",3.1666666666666665,True,False,True,5.0,0.0,False,False,,True,False,False
Dy|Zr|O|N,DyZrNO2,3,1.319963812828064,4.445535182952881,,0.0756879806518551,absent from MP: MLIP hull vs MP competing phases,4.24,distorted,Cc,4.025795284143413,0.8270505950046396,Dy3+ Zr4+,absent from MP,True,[1.5],1.5,True,True,True,3.7,3.7,False,False,,True,True,False
Nd|Ge|O|N,NdGeNO2,2,0.2655839025974273,4.537843227386475,,0.2285726547241315,absent from MP: MLIP hull vs MP competing phases,4.06,distorted,Pnma,1.905265368899813,0.9754447391752884,Nd3+ Ge4+,absent from MP,True,[0.0],0.0,True,False,True,0.6,1.8,False,False,,True,False,False
Pr|V|O|N,PrVNO2,3,0.1014290700356165,0.4158385992050171,,0.1880614757537806,absent from MP: MLIP hull vs MP competing phases,4.075,distorted,I4/mcm,2.044736513240354,0.9188852621519186,Pr3+ V4+,absent from MP,True,[0.0],0.0,True,False,True,0.0,0.0,True,True,"LnVO3-xNx, Oro-Sole 2014",True,False,False
Tm|Ta|O|N,TmTaN2O,1,0.0215217545628547,1.7991297245025637,,0.0,absent from MP: MLIP hull vs MP competing phases,4.16,distorted,Cc,3.17242715479412,0.847168316690806,Tm3+ Ta5+,absent from MP,True,[0.0],0.0,True,True,True,2.1,2.5,False,False,,True,True,False
Ce|Sn|O|N,CeSnNO2,3,1.45447039604187,1.083625078201294,,0.3846811771392957,absent from MP: MLIP hull vs MP competing phases,4.18,distorted,Pnma,1.835724062752099,0.9249358843956734,Ce3+ Sn4+,absent from MP,True,"[1.0, 1.25, 1.5]",1.25,True,False,True,2.3,3.1,False,True,,True,False,False
Dy|Mn|O|F,DyMnO2F,2,0.0244434177875518,2.4951295852661133,,0.1015433147035782,absent from MP: MLIP hull vs MP competing phases,4.275,distorted,Ima2,7.371071377559935,0.788178389482709,Dy3+ Mn2+,absent from MP,True,[0.0],0.0,True,False,False,0.0,0.0,True,False,,True,False,False
Gd|Ge|O|N,GdGeNO2,1,0.0250746086239814,4.583542823791504,,0.2440050125122201,absent from MP: MLIP hull vs MP competing phases,4.06,distorted,Pnma,2.1867349291185403,0.9163378646453362,Gd3+ Ge4+,absent from MP,True,[0.0],0.0,True,False,True,0.6,1.8,False,False,,True,False,False
Nd|Hf|O|N,NdHfNO2,1,2.5015642642974854,4.613236427307129,,0.0584572792053208,absent from MP: MLIP hull vs MP competing phases,4.22,distorted,C2/m,2.2280836698069817,0.8930127893858276,Nd3+ Hf4+,absent from MP,True,"[2.5, 2.75, 3.0]",2.75,True,True,True,4.0,3.9,False,False,,True,True,False
Sm|Mn|O|F,SmMnO2F,1,0.039816778153181,1.4535399675369265,,0.0686949565492796,absent from MP: MLIP hull vs MP competing phases,4.275,distorted,Pnma,3.823234521450965,0.8384876483858607,Sm3+ Mn2+,absent from MP,True,[0.0],0.0,True,True,True,0.0,0.0,True,False,,True,True,True
Tm|Ti|O|N,TmTiNO2,1,0.487697422504425,3.597872018814087,,0.0833120346069424,absent from MP: MLIP hull vs MP competing phases,4.22333333,distorted,Cc,2.7765017766423465,0.8631940558484669,Tm3+ Ti4+,absent from MP,True,[0.5],0.5,True,True,True,2.5,2.8,False,False,,True,True,False
Ce|Ta|O|N,CeTaN2O,6,1.0100556015968325,1.4940526485443115,,0.0394713295830637,absent from MP: MLIP hull vs MP competing phases,4.16,distorted,Pnma,1.750159561408425,0.9450754094704816,Ce3+ Ta5+,absent from MP,True,"[0.5, 1.5]",1.0,True,True,True,2.1,2.5,False,True,Cordes & Schnick 2017,False,False,False
Dy|Nb|O|N,DyNbN2O,6,0.2186723947525024,2.31984281539917,,0.0255283355712894,absent from MP: MLIP hull vs MP competing phases,4.16,distorted,Cc,2.900854561583818,0.8577069273719516,Dy3+ Nb5+,absent from MP,True,"[0.0, 0.5]",0.25,True,True,True,1.7,1.9,False,False,,True,True,False
Gd|Sn|O|N,GdSnNO2,2,1.3935434818267822,2.924776554107666,,0.235593974590305,absent from MP: MLIP hull vs MP competing phases,4.18,distorted,Pnma,3.2396231789225567,0.8468525289376331,Gd3+ Sn4+,absent from MP,True,"[1.25, 1.5]",1.375,True,False,True,2.3,3.1,False,False,,True,False,False
Nd|Mg|O|F,NdMgO2F,4,3.584838390350342,6.780813694000244,,0.1239095687866207,absent from MP: MLIP hull vs MP competing phases,4.24,distorted,Pnma,2.236215296939779,0.892595841434211,Nd3+ Mg2+,absent from MP,True,"[3.5, 4.0]",3.75,True,False,True,5.0,0.0,False,False,,True,False,False
Sm|Nb|O|N,SmNbN2O,3,1.2285706996917725,2.234175682067871,,0.0,absent from MP: MLIP hull vs MP competing phases,4.16,distorted,Pmc2_1,2.038196761908631,0.9110798911442054,Sm3+ Nb5+,absent from MP,True,"[1.0, 1.5]",1.25,True,True,True,1.7,1.9,True,False,,True,True,True
Tm|V|O|N,TmVN2O,1,0.0193228125572204,1.911160230636597,,0.1521098454793303,absent from MP: MLIP hull vs MP competing phases,4.075,distorted,Cc,2.430538704480695,0.8899545953115536,Tm3+ V5+,absent from MP,True,[0.0],0.0,True,False,True,0.0,0.0,True,False,,True,False,False
Ce|Hf|O|N,CeHfNO2,3,2.943500518798828,0.8426648378372192,,0.0878698076520585,absent from MP: MLIP hull vs MP competing phases,4.22,distorted,P-1,1.9142460453881625,0.9162510404107376,Ce3+ Hf4+,absent from MP,True,"[2.75, 3.0, 4.0]",3.25,True,True,True,4.0,3.9,False,False,,True,True,False
Ce|Mg|O|F,CeMgO2F,3,4.389699935913086,2.0546531677246094,,0.1497106552124023,absent from MP: MLIP hull vs MP competing phases,4.24,distorted,Pnma,1.900398110111654,0.9162035400111864,Ce3+ Mg2+,absent from MP,True,"[4.0, 4.5]",4.25,True,False,True,5.0,0.0,False,False,,True,False,False
Nd|Zr|O|N,NdZrNO2,1,2.6466667652130127,3.1105399131774902,2.0221,0.1438609078886656,MP ground state mp-aaacrkxk + MLIP polymorph energy,4.24,distorted,Cc,2.296400482124964,0.8888398324260808,Nd3+ Zr4+,in MP (theoretical only),True,"[2.75, 3.0]",2.875,False,False,True,3.7,3.7,False,True,,True,False,False
Pr|Sn|O|N,PrSnNO2,1,0.8969518542289734,2.513671398162842,,0.2841790403638544,absent from MP: MLIP hull vs MP competing phases,4.18,distorted,Pnma,2.6263805823902096,0.8709812911392594,Pr3+ Sn4+,absent from MP,True,"[0.75, 1.0]",0.875,True,False,True,2.3,3.1,False,False,,True,False,False
Ce|Zr|O|N,CeZrNO2,3,2.6916582584381104,0.5203714966773987,,0.1295790932395277,absent from MP: MLIP hull vs MP competing phases,4.24,distorted,Pnma,1.960583295296839,0.9119694934929304,Ce3+ Zr4+,absent from MP,True,"[2.5, 2.75, 3.5]",2.9166666666666665,True,False,True,3.7,3.7,False,False,,True,False,False
Sm|Hf|O|N,SmHfNO2,1,3.056893110275269,4.5026679039001465,,0.0403512954711899,absent from MP: MLIP hull vs MP competing phases,4.22,distorted,C2/m,2.3963786824500604,0.8830535389465805,Sm3+ Hf4+,absent from MP,True,"[3.0, 3.25]",3.125,True,True,True,4.0,3.9,False,False,,True,True,False
Dy|Hf|O|N,DyHfNO2,1,2.456404447555542,5.192806720733643,,0.0580703735351555,absent from MP: MLIP hull vs MP competing phases,4.22,distorted,Cc,3.83794975732984,0.8309334616478538,Dy3+ Hf4+,absent from MP,True,"[2.0, 2.25]",2.125,True,True,True,4.0,3.9,False,False,,True,True,False
Tm|Hf|O|N,TmHfNO2,1,0.8415683507919312,5.065263271331787,,0.0220836639404282,absent from MP: MLIP hull vs MP competing phases,4.22,distorted,Pna2_1,4.3053352698694205,0.8206422361939649,Tm3+ Hf4+,absent from MP,True,"[0.75, 1.0]",0.875,True,True,False,4.0,3.9,False,False,,True,True,False
Gd|Hf|O|N,GdHfNO2,1,3.056893110275269,5.147552013397217,,0.066125202178954,absent from MP: MLIP hull vs MP competing phases,4.22,distorted,Cm,3.531415896276096,0.8389008619992515,Gd3+ Hf4+,absent from MP,True,"[3.0, 3.25]",3.125,True,True,True,4.0,3.9,False,False,,True,True,False
Lu|Ge|O|N,LuGeNO2,2,1.7238539457321167,4.74878454208374,,0.1782247543335051,absent from MP: MLIP hull vs MP competing phases,4.06,distorted,Cc,2.4453190886132616,0.889141449984315,Lu3+ Ge4+,absent from MP,True,"[1.5, 1.75, 2.0]",1.75,True,False,True,0.6,1.8,False,False,,True,False,False
Nd|Ti|O|N,NdTiNO2,3,2.1111342906951904,2.6792094707489014,,0.0885744571685887,absent from MP: MLIP hull vs MP competing phases,4.22333333,distorted,Pna2_1,1.839554315029392,0.9393171562428704,Nd3+ Ti4+,absent from MP,True,[2.0],2.0,True,True,True,2.5,2.8,True,True,Clarke 2002,False,False,False
Sm|Zr|O|N,SmZrNO2,3,2.7502691745758057,3.317232370376587,1.791,0.1629038079980436,MP ground state mp-aaacrjia + MLIP polymorph energy,4.24,distorted,Cc,2.476489805282818,0.8789271205402882,Sm3+ Zr4+,in MP (theoretical only),True,[3.0],3.0,False,False,True,3.7,3.7,False,True,,True,False,False
Tm|Ge|O|N,TmGeNO2,1,0.9704896211624146,4.946455001831055,,0.2026767730712988,absent from MP: MLIP hull vs MP competing phases,4.06,distorted,Pnma,2.36501761279464,0.896393827227254,Tm3+ Ge4+,absent from MP,True,"[0.0, 1.0]",0.5,True,False,True,0.6,1.8,True,False,,True,False,False
Tm|Mg|O|F,TmMgO2F,4,2.932427406311035,7.62339448928833,,0.1540020942687974,absent from MP: MLIP hull vs MP competing phases,4.24,distorted,P-1,4.471546309890381,0.8190747230087735,Tm3+ Mg2+,absent from MP,True,[3.0],3.0,True,False,False,5.0,0.0,False,False,,True,False,False
Tm|Sn|O|N,TmSnNO2,1,1.864919900894165,3.0837230682373047,,0.2137753725051885,absent from MP: MLIP hull vs MP competing phases,4.18,distorted,Pnma,3.902877581600841,0.8284208355891685,Tm3+ Sn4+,absent from MP,True,[2.0],2.0,True,False,True,2.3,3.1,True,False,,True,False,False
Yb|Ta|O|N,YbTaN2O,1,0.8201265335083008,2.0762321949005127,,0.0,absent from MP: MLIP hull vs MP competing phases,4.16,distorted,Pnma,3.270689247979057,0.8437687648581783,Yb3+ Ta5+,absent from MP,True,[1.0],1.0,True,True,True,2.1,2.5,False,False,,True,True,False
Nd|Sn|O|N,NdSnNO2,3,2.063950061798096,2.575071096420288,,0.2378239274024993,absent from MP: MLIP hull vs MP competing phases,4.18,distorted,Pnma,2.10880674768094,0.9014773655885367,Nd3+ Sn4+,absent from MP,True,[2.0],2.0,True,False,True,2.3,3.1,True,True,,True,False,False
Dy|Sn|O|N,DySnNO2,5,0.8477228879928589,2.9251198768615723,,0.2322855234146121,absent from MP: MLIP hull vs MP competing phases,4.18,distorted,Pnma,3.503201181752313,0.8388096082037576,Dy3+ Sn4+,absent from MP,True,[1.0],1.0,True,False,True,2.3,3.1,False,False,,True,False,False
Nd|Ta|O|N,NdTaN2O,2,1.7561289072036743,2.0132434368133545,,0.0,absent from MP: MLIP hull vs MP competing phases,4.16,distorted,Pnma,1.93683821060462,0.9212785466420884,Nd3+ Ta5+,absent from MP,True,"[0.5, 2.0]",1.25,True,True,True,2.1,2.5,False,False,Cordes & Schnick 2017,False,False,False
Sm|Zn|O|F,SmZnO2F,2,3.094687223434448,5.5800604820251465,,0.1754257202148448,absent from MP: MLIP hull vs MP competing phases,4.28,distorted,Pnma,2.5985754228260483,0.8741398791046295,Sm3+ Zn2+,absent from MP,True,[3.0],3.0,True,False,True,3.9,0.0,False,False,,True,False,False
Ce|Cu|O|F,CeCuO2F,3,0.0151071349779764,0.4950246810913086,,0.1774422486623104,absent from MP: MLIP hull vs MP competing phases,4.16,distorted,P1,1.9524028541049072,0.9118544725744244,Ce3+ Cu2+,absent from MP,True,[0.0],0.0,True,False,True,0.0,0.0,True,True,,True,False,False
Ce|V|O|N,CeVNO2,9,0.0788749903440474,0.8487703800201416,,0.245037460327147,absent from MP: MLIP hull vs MP competing phases,4.075,distorted,I4/mcm,1.725157945277774,0.9758073580374356,Ce3+ V4+,absent from MP,True,[0.0],0.0,True,False,True,0.0,0.0,True,False,,True,False,False
Dy|Ta|O|N,DyTaN2O,3,0.3760026097297668,1.8420889377593996,,0.0120574951171867,absent from MP: MLIP hull vs MP competing phases,4.16,distorted,Cc,2.900854561583818,0.8577069273719516,Dy3+ Ta5+,absent from MP,True,[0.5],0.5,True,True,True,2.1,2.5,False,False,,True,True,False
Lu|Co|O|F,LuCoO2F,1,0.0535488203167915,1.1034456491470337,,0.2740702867507929,absent from MP: MLIP hull vs MP competing phases,4.05666667,distorted,P1,5.600531212272503,0.8027578320273359,Lu3+ Co2+,absent from MP,True,[0.0],0.0,True,False,False,0.0,0.0,True,False,,True,False,False
Tm|Fe|O|F,TmFeO2F,1,0.0428435057401657,1.9955376386642456,,0.0955614566803051,absent from MP: MLIP hull vs MP competing phases,4.225,distorted,Pnma,6.290256744096498,0.7962874818740625,Tm3+ Fe2+,absent from MP,True,[0.0],0.0,True,True,False,0.0,0.0,True,False,,True,True,False
Ce|Fe|O|F,CeFeO2F,4,0.0314840711653231,0.6700267195701599,,0.2524098396301255,absent from MP: MLIP hull vs MP competing phases,4.225,distorted,P2_12_12_1,2.289169347634134,0.8907141061314315,Ce3+ Fe2+,absent from MP,True,[0.0],0.0,True,False,True,0.0,0.0,True,True,,True,False,False
Dy|Ti|O|N,DyTiNO2,2,0.5127224922180176,3.351717710494995,,0.1022865295410255,absent from MP: MLIP hull vs MP competing phases,4.22333333,distorted,Cc,2.570188937804958,0.8740189003999647,Dy3+ Ti4+,absent from MP,True,[0.5],0.5,True,False,True,2.5,2.8,False,False,,True,False,False
Nd|Zn|O|F,NdZnO2F,2,2.574438214302063,5.28347635269165,,0.1867042541503911,absent from MP: MLIP hull vs MP competing phases,4.28,distorted,Pnma,2.392741401958504,0.8841618649797144,Nd3+ Zn2+,absent from MP,True,[2.5],2.5,True,False,True,3.9,0.0,False,False,,True,False,False
Ce|Ge|O|N,CeGeNO2,6,0.018967255949974,1.5430102348327637,,0.3732622861862191,absent from MP: MLIP hull vs MP competing phases,4.06,distorted,Pnma,1.8566189492193292,1.0008280595255747,Ce3+ Ge4+,absent from MP,True,[0.0],0.0,True,False,True,0.6,1.8,False,False,,True,False,False
Dy|Cu|O|F,DyCuO2F,1,0.0160286724567413,0.6529104709625244,,0.1682008743286136,absent from MP: MLIP hull vs MP competing phases,4.16,distorted,Ima2,4.1692350518045,0.8255919206290402,Dy3+ Cu2+,absent from MP,True,[0.0],0.0,True,False,True,0.0,0.0,True,True,,True,False,False
Dy|V|O|N,DyVNO2,6,0.0195718482136726,2.351304292678833,,0.1748988151550374,absent from MP: MLIP hull vs MP competing phases,4.075,distorted,Cc,2.41875421146652,0.8849441366549642,Dy3+ V4+,absent from MP,True,[0.0],0.0,True,False,True,0.0,0.0,True,False,,True,False,False
Lu|Ni|O|F,LuNiO2F,1,0.0358661711215972,2.4487266540527344,,0.1346221129099554,absent from MP: MLIP hull vs MP competing phases,4.0,distorted,P2_1/c,4.141160601236006,0.8241215485248377,Lu3+ Ni2+,absent from MP,True,[0.0],0.0,True,False,True,0.0,0.0,True,False,,True,False,False
Pr|Nb|O|N,PrNbN2O,1,1.3304616212844849,2.2349119186401367,,0.0071090698242208,absent from MP: MLIP hull vs MP competing phases,4.16,distorted,Pmc2_1,2.2957955835926924,0.8903426249651769,Pr3+ Nb5+,absent from MP,True,[1.5],1.5,True,True,True,1.7,1.9,True,True,Kumar 2011,False,False,False
Tm|Nb|O|N,TmNbN2O,1,0.031080923974514,2.378744125366211,,0.0086169560750342,absent from MP: MLIP hull vs MP competing phases,4.16,distorted,Cc,3.17242715479412,0.847168316690806,Tm3+ Nb5+,absent from MP,True,[0.0],0.0,True,True,True,1.7,1.9,False,False,,True,True,False
Nd|Nb|O|N,NdNbN2O,3,0.9381481011708578,2.077868700027466,,0.0,absent from MP: MLIP hull vs MP competing phases,4.16,distorted,Pmc2_1,1.93683821060462,0.9212785466420884,Nd3+ Nb5+,absent from MP,True,[1.0],1.0,True,True,True,1.7,1.9,False,False,Kumar 2011,False,False,False
Sm|Mg|O|F,SmMgO2F,5,4.0972949981689455,6.670085430145264,,0.1110513687133805,absent from MP: MLIP hull vs MP competing phases,4.24,distorted,Pnma,2.416304620097633,0.882478256329793,Sm3+ Mg2+,absent from MP,True,[4.0],4.0,True,False,True,5.0,0.0,False,False,,True,False,False
