tag,mode,target,seed,formula,site_A,site_B,site_X,label_gap,label_dhf,latent_norm,round,file
MP_screen_novel,screen,0.0,0,HgOsO3,Hg,Os,O,-0.00062,-1.0109,nan,0,cifs/T0_1.cif
MP_screen_novel,screen,0.0,0,CdRuO3,Cd,Ru,O,0.00112,-1.21627,nan,0,cifs/T0_2.cif
MP_screen_novel,screen,0.0,0,TlIrO3,Tl,Ir,O,-0.00142,-1.05735,nan,0,cifs/T0_3.cif
MP_screen_novel,screen,0.0,0,KIrO3,K,Ir,O,-0.00446,-1.17922,nan,0,cifs/T0_4.cif
MP_screen_novel,screen,0.0,0,TlPrO3,Tl,Pr,O,0.00746,-2.30169,nan,0,cifs/T0_5.cif
MP_screen_novel,screen,0.0,0,YAsO3,Y,As,O,0.00764,-2.45079,nan,0,cifs/T0_6.cif
MP_screen_novel,screen,0.0,0,InAsO3,In,As,O,-0.00787,-1.57684,nan,0,cifs/T0_7.cif
MP_screen_novel,screen,0.0,0,InReO3,In,Re,O,-0.0079,-1.93038,nan,0,cifs/T0_8.cif
MP_screen_novel,screen,0.0,0,EuPtO3,Eu,Pt,O,-0.00791,-1.80595,nan,0,cifs/T0_9.cif
MP_screen_novel,screen,0.0,0,NaAsO3,Na,As,O,0.0082,-1.45767,nan,0,cifs/T0_10.cif
MP_screen_novel,screen,0.0,0,CdIrO3,Cd,Ir,O,0.00829,-1.03259,nan,0,cifs/T0_11.cif
MP_screen_novel,screen,0.0,0,YbFeO3,Yb,Fe,O,-0.00839,-2.50887,nan,0,cifs/T0_12.cif
MP_screen_novel,screen,1.0,0,NdTbO3,Nd,Tb,O,0.854,-3.43144,nan,0,cifs/T1_1.cif
MP_screen_novel,screen,1.0,0,NdErO3,Nd,Er,O,0.85008,-3.42823,nan,0,cifs/T1_2.cif
MP_screen_novel,screen,1.0,0,DyZrO3,Dy,Zr,O,0.74167,-3.46837,nan,0,cifs/T1_3.cif
MP_screen_novel,screen,2.0,0,SnSiO3,Sn,Si,O,1.9147,-2.56715,nan,0,cifs/T2_1.cif
MP_screen_novel,screen,2.0,0,AcLuO3,Ac,Lu,O,2.09521,-3.67123,nan,0,cifs/T2_2.cif
MP_screen_novel,screen,2.0,0,YGaO3,Y,Ga,O,2.22189,-2.69999,nan,0,cifs/T2_3.cif
MP_screen_novel,screen,2.0,0,AcTbO3,Ac,Tb,O,1.74658,-3.58197,nan,0,cifs/T2_4.cif
