tag,mode,target,seed,formula,natoms,label_gap,label_dhf,latent_norm,round,file,lattice_a,volume_per_atom,target_residual,geometry,spacegroup,n_orbits,label_source,label_note,independent_gap
d1_pool,conditional/no-family,0.5,2,Ca(YbI)2,20,0.1900863647460937,-1.1997944116592407,1.0,0,cifs/T0.5_n20_1.cif,4.669,11.81,,wyckoff,63,3,structure,,1.5279771089553833
d1_pool,conditional/no-family,0.5,2,Zn5I8,13,0.1156426668167114,0.0518436431884765,0.9999999403953552,0,cifs/T0.5_n13_3.cif,5.147,34.83,,wyckoff,99,3,structure,,0.13635939359664917
d1_pool,conditional/no-family,0.5,2,TaTe,16,0.0509425401687622,-0.549330472946167,1.0,0,cifs/T0.5_n16_6.cif,10.61,32.26,,wyckoff,46,2,structure,,0.01589912176132202
d1_pool,conditional/no-family,0.5,2,PtO6,14,0.27508145570755,-0.5402324199676514,1.0000001192092896,0,cifs/T0.5_n14_8.cif,3.716,5.07,,wyckoff,164,2,structure,,0.03936576843261719
d1_pool,conditional/no-family,0.5,2,Te4P,20,0.0805867910385131,-0.1213537454605102,1.0,0,cifs/T0.5_n20_10.cif,4.02,24.24,,wyckoff,119,2,structure,,0.8297625780105591
d1_pool,conditional/no-family,0.5,2,TaSeS2,16,-0.0246425867080688,-1.1791166067123413,0.9999999403953552,0,cifs/T0.5_n16_12.cif,6.276,14.33,,wyckoff,10,4,structure,,1.0379016399383545
d1_pool,conditional/no-family,0.5,2,Ni4O,10,0.1432737112045288,-0.5056325197219849,1.0,0,cifs/T0.5_n10_14.cif,3.476,23.33,,wyckoff,123,2,structure,,0.004698425531387329
d1_pool,conditional/no-family,0.5,2,DyN2,12,1.0826562643051147,-1.3784432411193848,1.0,0,cifs/T0.5_n12_17.cif,6.243,9.74,,wyckoff,123,2,structure,,2.5716512203216553
d1_pool,conditional/no-family,0.5,2,LaI,18,0.023356020450592,-1.1903682947158811,1.0,0,cifs/T0.5_n18_18.cif,5.739,47.54,,wyckoff,160,2,structure,,0.0065164268016815186
d1_pool,conditional/no-family,0.5,2,TeH,16,1.08742356300354,-0.360038697719574,1.0,0,cifs/T0.5_n16_19.cif,4.073,17.48,,wyckoff,36,2,structure,,1.5762964487075806
d1_pool,conditional/no-family,0.5,2,BaF,16,1.1625441312789917,-3.0765187740325928,1.0,0,cifs/T0.5_n16_21.cif,8.417,36.84,,wyckoff,64,2,structure,,3.3662126064300537
d1_pool,conditional/no-family,0.5,2,HfZrAuI4,14,0.2265255451202392,-0.9824763536453248,1.0,0,cifs/T0.5_n14_31.cif,8.994,77.85,,wyckoff,2,7,structure,,0.23617704212665558
d1_pool,conditional/no-family,0.5,2,Sn2Pd3Cl,18,0.0861842036247253,-0.4493341445922851,1.0,0,cifs/T0.5_n18_33.cif,5.158,10.69,,wyckoff,156,5,structure,,0.009917348623275757
d1_pool,conditional/no-family,0.5,2,CaTe,16,0.1744759082794189,-1.4422762393951416,1.0,0,cifs/T0.5_n16_35.cif,7.247,30.28,,wyckoff,82,2,structure,,1.4455201625823975
d1_pool,conditional/no-family,0.5,2,BeGaTeHPt2,18,0.3181090950965881,-0.5429162383079529,0.9999999403953552,0,cifs/T0.5_n18_36.cif,4.75,9.03,,wyckoff,156,5,structure,,0.11575688421726227
d1_pool,conditional/no-family,0.5,2,Na2Ag2Sb2Te,7,0.7243807315826416,-0.4128941297531128,1.0,0,cifs/T0.5_n7_38.cif,6.669,48.36,,wyckoff,6,4,structure,,0.34589460492134094
d1_pool,conditional/no-family,0.5,2,YbCd(HgBr)2,12,0.3970215916633606,-1.132144808769226,1.0,0,cifs/T0.5_n12_40.cif,7.044,41.6,,wyckoff,11,4,structure,,1.7727551460266113
d1_pool,conditional/no-family,0.5,2,Gd4CO4,18,0.0844635963439941,-2.706338882446289,0.9999999403953552,0,cifs/T0.5_n18_44.cif,3.345,4.33,,wyckoff,129,3,structure,,1.7023944854736328
d1_pool,conditional/no-family,0.5,2,TePt,18,0.1448287367820739,-0.396902322769165,0.9999999403953552,0,cifs/T0.5_n18_48.cif,3.102,4.96,,wyckoff,160,2,structure,,0.003782510757446289
d1_pool,conditional/no-family,0.5,2,Zr2Br,12,0.0278572440147399,-1.3015458583831787,1.0,0,cifs/T0.5_n12_50.cif,3.455,5.82,,wyckoff,123,2,structure,,0.00854596495628357
d1_pool,conditional/no-family,0.5,2,La4O,10,-0.0519866943359375,-1.4361529350280762,0.9999999403953552,0,cifs/T0.5_n10_51.cif,3.51,7.66,,wyckoff,123,2,structure,,0.012016475200653076
d1_pool,conditional/no-family,0.5,2,Cu4Sn4S,18,0.0637742280960083,-0.0930695533752441,1.0,0,cifs/T0.5_n18_52.cif,7.996,25.59,,wyckoff,8,5,structure,,0.0023458003997802734
d1_pool,conditional/no-family,0.5,2,BiI,16,0.4524591267108917,-0.5841625332832336,0.9999999403953552,0,cifs/T0.5_n16_54.cif,6.916,20.1,,wyckoff,59,2,structure,,0.18624775111675262
d1_pool,conditional/no-family,0.5,2,PrI6,14,1.1206616163253784,-1.1310808658599854,1.0,0,cifs/T0.5_n14_56.cif,7.843,29.82,,wyckoff,194,2,structure,,2.1665124893188477
d1_pool,conditional/no-family,0.5,2,SiTe4,20,0.4998490512371063,-0.3265035152435303,1.0,0,cifs/T0.5_n20_57.cif,4.213,8.47,,wyckoff,139,2,structure,,1.090829610824585
d1_pool,conditional/no-family,1.0,2,Li4O,20,1.3962628841400146,-1.4885321855545044,1.0,0,cifs/T1_n20_1.cif,3.054,13.99,,wyckoff,139,2,structure,,0.13714993000030518
d1_pool,conditional/no-family,1.0,2,LiCaBeFeO,20,0.3697999715805053,-1.3214033842086792,1.0,0,cifs/T1_n20_5.cif,7.194,69.24,,wyckoff,14,5,structure,,1.2350448369979858
d1_pool,conditional/no-family,1.0,2,KTe,16,0.6163176894187927,-1.0021504163742063,0.9999999403953552,0,cifs/T1_n16_6.cif,9.131,35.67,,wyckoff,38,2,structure,,0.9088314771652222
d1_pool,conditional/no-family,1.0,2,CoO,16,0.4474823474884033,-1.197307825088501,0.9999999403953552,0,cifs/T1_n16_13.cif,6.879,19.78,,wyckoff,44,2,structure,,0.24240529537200928
d1_pool,conditional/no-family,1.0,2,CsSe4,20,0.2538679838180542,-0.6118700504302979,0.9999999403953552,0,cifs/T1_n20_14.cif,5.105,25.01,,wyckoff,139,2,structure,,1.056427001953125
d1_pool,conditional/no-family,1.0,2,Mn2CO2,20,0.6125558614730835,-1.486865520477295,1.0,0,cifs/T1_n20_21.cif,3.088,2.57,,wyckoff,140,3,structure,,1.6255067586898804
d1_pool,conditional/no-family,1.0,2,CaTe,16,0.8731402158737183,-1.3043314218521118,1.0,0,cifs/T1_n16_22.cif,5.612,67.21,,wyckoff,44,2,structure,,0.7648940086364746
d1_pool,conditional/no-family,1.0,2,ZrSn3O2,12,0.5915423631668091,-1.7209687232971191,0.9999999403953552,0,cifs/T1_n12_23.cif,8.165,43.04,,wyckoff,11,4,structure,,0.12883253395557404
d1_pool,conditional/no-family,1.0,2,Ca2AlI2,20,1.2816822528839111,-1.0520272254943848,0.9999999403953552,0,cifs/T1_n20_26.cif,6.588,23.77,,wyckoff,62,4,structure,,4.543612480163574
d1_pool,conditional/no-family,1.0,2,Zr2N3,20,1.49626362323761,-1.683871507644653,0.9999999403953552,0,cifs/T1_n20_28.cif,7.537,23.86,,wyckoff,62,3,structure,,0.015244454145431519
d1_pool,conditional/no-family,1.0,2,Ag2Te,18,0.4763614237308502,-0.2313215732574463,1.0,0,cifs/T1_n18_47.cif,6.902,23.07,,wyckoff,186,2,structure,,0.2367626279592514
d1_pool,conditional/no-family,1.0,2,Al4Te8Pt,13,0.4468429386615753,-0.5263204574584961,1.0,0,cifs/T1_n13_52.cif,4.057,9.13,,wyckoff,123,3,structure,,1.113621711730957
d1_pool,conditional/no-family,1.0,2,Ni2O,18,1.6142981052398682,-0.8323675394058228,1.0,0,cifs/T1_n18_55.cif,4.641,15.71,,wyckoff,191,2,structure,,0.0042140185832977295
d1_pool,conditional/no-family,1.0,2,MgTe,16,1.340050458908081,-0.959994912147522,1.0,0,cifs/T1_n16_69.cif,3.0,22.46,,wyckoff,36,2,structure,,2.114365816116333
d1_pool,conditional/no-family,1.0,2,Cs2O2,16,0.7454513907432556,-1.136746883392334,1.0,0,cifs/T1_n16_81.cif,6.699,16.74,,wyckoff,71,3,structure,,1.7064570188522339
d1_pool,conditional/no-family,1.0,2,Zn3O2,20,0.6220434308052063,-1.511671781539917,1.0,0,cifs/T1_n20_83.cif,5.792,24.91,,wyckoff,99,3,structure,,0.01017656922340393
d1_pool,conditional/no-family,1.0,2,ZrTe3C4,16,0.2964774668216705,-0.3863689303398132,1.0,0,cifs/T1_n16_88.cif,3.964,8.91,,wyckoff,187,4,structure,,0.1891242265701294
d1_pool,conditional/no-family,1.0,2,DyInO2,16,1.6670055389404297,-2.6785454750061035,1.0,0,cifs/T1_n16_101.cif,7.321,19.79,,wyckoff,33,4,structure,,1.8687700033187866
d1_pool,conditional/no-family,1.0,2,LiTe4,20,0.4232654571533203,-0.5532107353210449,1.0,0,cifs/T1_n20_106.cif,5.761,16.93,,wyckoff,139,2,structure,,0.8962482213973999
d1_pool,conditional/no-family,1.0,2,HO8,9,1.437542200088501,-0.1510341167449951,1.0,0,cifs/T1_n9_109.cif,4.389,9.39,,wyckoff,221,2,structure,,2.3113694190979004
d1_pool,conditional/no-family,1.0,2,Te5Se,18,0.3838742673397064,-0.174173355102539,1.0,0,cifs/T1_n18_126.cif,6.787,43.65,,wyckoff,156,4,structure,,0.7088747024536133
d1_pool,conditional/no-family,1.0,2,AlN,16,1.4662680625915527,-0.053668737411499,1.0,0,cifs/T1_n16_145.cif,5.804,99.52,,wyckoff,46,2,structure,,0.019793421030044556
d1_pool,conditional/no-family,1.0,2,BN8,18,0.7036556601524353,-0.2347562909126281,1.0,0,cifs/T1_n18_148.cif,5.438,8.93,,wyckoff,229,2,structure,,0.49573594331741333
d1_pool,conditional/no-family,1.0,2,FeO,18,0.471074491739273,-1.3734800815582275,0.9999999403953552,0,cifs/T1_n18_162.cif,6.564,13.18,,wyckoff,160,2,structure,,0.004052698612213135
d1_pool,conditional/no-family,1.0,2,Pb4I3Br2,18,1.6120504140853882,-0.8992353081703186,1.0000001192092896,0,cifs/T1_n18_164.cif,10.924,33.58,,wyckoff,8,5,structure,,2.3606958389282227
d1_pool,conditional/no-family,1.5,2,MgI,12,2.0491456985473637,-1.3711004257202148,1.0,0,cifs/T1.5_n12_6.cif,5.504,8.97,,wyckoff,187,2,structure,,1.3495736122131348
d1_pool,conditional/no-family,1.5,2,CsTe,16,1.3130509853363037,-1.0633769035339355,1.0,0,cifs/T1.5_n16_19.cif,14.793,37.34,,wyckoff,12,2,structure,,3.295114517211914
d1_pool,conditional/no-family,1.5,2,TlPb2S3,12,1.4051153659820557,-0.6370740532875061,0.9999999403953552,0,cifs/T1.5_n12_24.cif,7.367,39.51,,wyckoff,25,4,structure,,1.8430278301239014
d1_pool,conditional/no-family,1.5,2,FeF,8,1.9429817199707031,-2.0530385971069336,1.0,0,cifs/T1.5_n8_26.cif,3.887,21.39,,wyckoff,19,2,structure,,0.05957417190074921
d1_pool,conditional/no-family,1.5,2,BTe,16,1.0224790573120115,-0.3299659490585327,1.0,0,cifs/T1.5_n16_27.cif,5.34,12.92,,wyckoff,113,2,structure,,3.3870887756347656
d1_pool,conditional/no-family,1.5,2,BI2,18,1.0152045488357544,-0.3386720418930053,1.0,0,cifs/T1.5_n18_41.cif,8.275,30.19,,wyckoff,176,2,structure,,4.228977680206299
d1_pool,conditional/no-family,1.5,2,NaTe,18,0.8884369730949402,-0.8681362867355347,1.0,0,cifs/T1.5_n18_44.cif,7.392,28.96,,wyckoff,146,2,structure,,2.051323890686035
d1_pool,conditional/no-family,1.5,2,CaI,16,1.7345854043960571,-1.5663169622421265,1.0000001192092896,0,cifs/T1.5_n16_69.cif,5.265,15.43,,wyckoff,55,2,structure,,0.9649418592453003
d1_pool,conditional/no-family,1.5,2,Ca2PSe2,20,1.7505347728729248,-1.7558505535125732,0.9999998807907104,0,cifs/T1.5_n20_77.cif,8.164,20.88,,wyckoff,113,3,structure,,1.4047704935073853
d1_pool,conditional/no-family,1.5,2,CaCl,18,2.246490240097046,-2.316012382507324,0.9999999403953552,0,cifs/T1.5_n18_84.cif,8.566,91.66,,wyckoff,146,2,structure,,4.2714996337890625
d1_pool,conditional/no-family,1.5,2,SeO,16,2.1134908199310303,-0.8507757186889648,1.0,0,cifs/T1.5_n16_99.cif,6.182,62.23,,wyckoff,12,2,structure,,0.00915151834487915
d1_pool,conditional/no-family,1.5,2,Cs(PbCl)2,20,1.7822455167770386,-1.3291817903518677,1.0,0,cifs/T1.5_n20_117.cif,12.988,33.54,,wyckoff,12,3,structure,,1.2021229267120361
d1_pool,conditional/no-family,1.5,2,ZnSiPSeS,20,2.057125806808472,-0.6671756505966187,1.0,0,cifs/T1.5_n20_119.cif,8.345,36.82,,wyckoff,9,5,structure,,1.524833083152771
d1_pool,conditional/no-family,1.5,2,Na2O2,16,1.9702820777893064,-1.1371420621871948,0.9999999403953552,0,cifs/T1.5_n16_121.cif,10.786,53.07,,wyckoff,15,2,structure,,0.038220375776290894
d1_pool,conditional/no-family,1.5,2,ZnCdPS2,20,1.643626689910889,-0.763038158416748,0.9999999403953552,0,cifs/T1.5_n20_125.cif,5.717,12.95,,wyckoff,19,5,structure,,1.9009004831314087
d1_pool,conditional/no-family,1.5,2,SrB3Cl,15,1.7669976949691772,-1.0521413087844849,1.0,0,cifs/T1.5_n15_131.cif,5.785,39.97,,wyckoff,156,4,structure,,0.11623184382915497
d1_pool,conditional/no-family,1.5,2,Si4Te,20,1.2418688535690308,0.1170514822006225,0.9999999403953552,0,cifs/T1.5_n20_135.cif,5.061,63.02,,wyckoff,44,3,structure,,0.06753511726856232
d1_pool,conditional/no-family,1.5,2,ZrN,16,1.1169893741607666,-1.7569409608840942,1.0,0,cifs/T1.5_n16_141.cif,7.753,30.44,,wyckoff,82,2,structure,,1.3675822019577026
d1_pool,conditional/no-family,1.5,2,CaTe,16,1.0519976615905762,-1.424709677696228,0.9999999403953552,0,cifs/T1.5_n16_158.cif,8.447,26.93,,wyckoff,12,2,structure,,1.2942399978637695
d1_pool,conditional/no-family,1.5,2,CaFeNO,16,1.0028830766677856,-1.3542834520339966,1.0,0,cifs/T1.5_n16_166.cif,6.837,16.17,,wyckoff,9,4,structure,,0.012005031108856201
d1_pool,conditional/no-family,1.5,2,CsFeO,18,1.2346792221069336,-1.3293460607528689,0.9999999403953552,0,cifs/T1.5_n18_169.cif,5.478,15.96,,wyckoff,152,3,structure,,0.5974464416503906
d1_pool,conditional/no-family,1.5,2,Na2O2,16,1.607163429260254,-1.1551748514175415,1.0,0,cifs/T1.5_n16_173.cif,6.062,15.22,,wyckoff,136,2,structure,,1.6831778287887573
d1_pool,conditional/no-family,1.5,2,NaF4,20,2.063595056533813,-1.49609112739563,1.0,0,cifs/T1.5_n20_179.cif,4.044,7.87,,wyckoff,138,2,structure,,3.598574638366699
d1_pool,conditional/no-family,1.5,2,Sc(CuCl)2,20,1.0722768306732178,-1.329894781112671,1.0,0,cifs/T1.5_n20_185.cif,8.126,35.73,,wyckoff,62,3,structure,,0.7453506588935852
d1_pool,conditional/no-family,1.5,2,CaSe,16,1.959181785583496,-2.0234830379486084,0.9999999403953552,0,cifs/T1.5_n16_187.cif,8.011,27.28,,wyckoff,40,2,structure,,1.074445128440857
d1_pool,conditional/no-family,2.0,2,Sn2I3Br,12,1.8938884735107424,-0.8238751888275146,0.9999998807907104,0,cifs/T2_n12_8.cif,10.048,100.75,,wyckoff,2,6,structure,,1.0539584159851074
d1_pool,conditional/no-family,2.0,2,LiF,12,2.10636043548584,-2.8690311908721924,0.9999999403953552,0,cifs/T2_n12_17.cif,5.3,31.54,,wyckoff,166,2,structure,,1.1233160495758057
d1_pool,conditional/no-family,2.0,2,CaBr,16,1.973235845565796,-1.7323639392852783,1.0,0,cifs/T2_n16_21.cif,8.996,38.12,,wyckoff,74,2,structure,,2.3027830123901367
d1_pool,conditional/no-family,2.0,2,CsRbLiInCl,20,1.4395511150360107,-0.8968766331672668,1.0,0,cifs/T2_n20_22.cif,10.971,49.43,,wyckoff,14,5,structure,,2.556316375732422
d1_pool,conditional/no-family,2.0,2,MnTlO2,16,1.3240752220153809,-1.5795220136642456,1.0,0,cifs/T2_n16_27.cif,8.956,40.42,,wyckoff,123,3,structure,,0.6545065641403198
d1_pool,conditional/no-family,2.0,2,Al3I2,20,1.8996717929840088,-0.7816653847694397,1.0,0,cifs/T2_n20_46.cif,9.5,26.25,,wyckoff,62,3,structure,,0.4261738359928131
d1_pool,conditional/no-family,2.0,2,TlHO2,8,1.846393346786499,-1.0140420198440552,1.0,0,cifs/T2_n8_73.cif,5.563,24.67,,wyckoff,2,4,structure,,0.6527606248855591
d1_pool,conditional/no-family,2.0,2,NaLiO2,16,1.7263429164886477,-1.3384969234466553,1.0,0,cifs/T2_n16_82.cif,7.078,16.7,,wyckoff,62,4,structure,,0.6842031478881836
d1_pool,conditional/no-family,2.0,2,AlI,18,1.768742561340332,-0.77326899766922,0.9999999403953552,0,cifs/T2_n18_93.cif,8.111,29.04,,wyckoff,146,2,structure,,1.1603397130966187
d1_pool,conditional/no-family,2.0,2,Ca2I3,15,2.339761018753052,-1.702387809753418,1.0,0,cifs/T2_n15_95.cif,4.913,41.81,,wyckoff,166,2,structure,,0.8778139352798462
d1_pool,conditional/no-family,2.0,2,CsI,16,2.3794379234313965,-1.2153400182724,1.0,0,cifs/T2_n16_101.cif,5.854,24.35,,wyckoff,36,2,structure,,2.1617531776428223
d1_pool,conditional/no-family,2.0,2,SiBr,16,2.5210626125335693,-0.8614979982376099,1.0,0,cifs/T2_n16_109.cif,9.324,71.99,,wyckoff,36,2,structure,,0.0
d1_pool,conditional/no-family,2.0,2,PtO,16,1.3896894454956057,-0.7160323262214661,1.0,0,cifs/T2_n16_126.cif,12.228,59.53,,wyckoff,86,2,structure,,0.017760902643203735
d1_pool,conditional/no-family,2.0,2,SrO,16,1.9740889072418213,-2.916084051132202,0.9999999403953552,0,cifs/T2_n16_140.cif,4.958,32.82,,wyckoff,82,2,structure,,2.741434335708618
d1_pool,conditional/no-family,2.0,2,CsI,16,1.768607497215271,-1.1169394254684448,0.9999999403953552,0,cifs/T2_n16_164.cif,4.256,11.45,,wyckoff,123,2,structure,,2.2696971893310547
d1_pool,conditional/no-family,2.0,2,PS,16,1.6853671073913574,-0.4139871597290039,1.0,0,cifs/T2_n16_166.cif,7.169,73.48,,wyckoff,15,2,structure,,2.188558578491211
d1_pool,conditional/no-family,2.0,2,PrCl2,12,2.4793503284454346,-2.4453673362731934,0.9999999403953552,0,cifs/T2_n12_182.cif,7.584,32.4,,wyckoff,123,2,structure,,4.1424241065979
d1_pool,conditional/no-family,2.0,2,CsCrSe3,5,1.3910791873931885,-1.000301718711853,1.0,0,cifs/T2_n5_184.cif,8.843,123.64,,wyckoff,1,5,structure,,0.01114073395729065
d1_pool,conditional/no-family,2.0,2,Li2PSe2,20,1.9976398944854736,-1.0592106580734253,0.9999999403953552,0,cifs/T2_n20_190.cif,6.867,12.7,,wyckoff,113,3,structure,,1.4749493598937988
d1_pool,conditional/no-family,2.0,2,Al2ZnO2,20,2.609710931777954,-2.269479751586914,1.0,0,cifs/T2_n20_191.cif,7.737,27.22,,wyckoff,55,3,structure,,0.24898235499858856
d1_pool,conditional/no-family,2.0,2,TlO2,18,1.7640522718429563,-0.8477029800415039,0.9999999403953552,0,cifs/T2_n18_194.cif,9.672,33.44,,wyckoff,186,2,structure,,0.28505080938339233
d1_pool,conditional/no-family,2.0,2,Ca3H3Cl,14,1.3260366916656494,-1.0475462675094604,1.0,0,cifs/T2_n14_208.cif,4.179,7.71,,wyckoff,164,3,structure,,3.1562626361846924
d1_pool,conditional/no-family,2.0,2,CaI3,16,1.3191982507705688,-1.4240896701812744,1.0,0,cifs/T2_n16_211.cif,3.66,13.9,,wyckoff,163,2,structure,,1.7242450714111328
d1_pool,conditional/no-family,2.0,2,Li2O2,16,2.381487846374512,-1.4766875505447388,1.0,0,cifs/T2_n16_275.cif,5.838,40.28,,wyckoff,65,2,structure,,0.0
d1_pool,conditional/no-family,2.0,2,Sr(HgCl)2,20,2.164714336395264,-0.9687183499336244,0.9999999403953552,0,cifs/T2_n20_295.cif,6.084,10.0,,wyckoff,38,3,structure,,1.9004004001617432
d1_pool,conditional/no-family,2.5,2,BaLiS,18,1.9913015365600584,-1.6938958168029783,0.9999999403953552,0,cifs/T2.5_n18_80.cif,13.332,41.23,,wyckoff,174,3,structure,,2.521566390991211
d1_pool,conditional/no-family,2.5,2,NaF,16,1.7915453910827637,-2.5891637802124023,1.0,0,cifs/T2.5_n16_86.cif,5.498,19.79,,wyckoff,55,2,structure,,5.063217639923096
d1_pool,conditional/no-family,2.5,2,SrI,16,2.726517677307129,-1.5180028676986694,0.9999999403953552,0,cifs/T2.5_n16_108.cif,9.276,45.46,,wyckoff,40,2,structure,,2.345142364501953
d1_pool,conditional/no-family,2.5,2,Al(CBr)2,20,2.016465663909912,-0.6329287886619568,1.0,0,cifs/T2.5_n20_141.cif,6.181,25.07,,wyckoff,65,3,structure,,2.2671730518341064
d1_pool,conditional/no-family,2.5,2,KCd2Hg2(IBr)2,18,1.895671367645264,-0.8238334655761719,1.0,0,cifs/T2.5_n18_168.cif,8.468,29.96,,wyckoff,11,5,structure,,0.2800300121307373
d1_pool,conditional/no-family,2.5,2,KNaBrO,4,3.2404513359069824,-1.471349596977234,1.0,0,cifs/T2.5_n4_169.cif,8.083,96.35,,wyckoff,1,4,structure,,2.9005517959594727
d1_pool,conditional/no-family,2.5,2,CsHCl3,20,2.5121114253997803,-1.5227394104003906,1.0000001192092896,0,cifs/T2.5_n20_180.cif,6.035,16.28,,wyckoff,62,4,structure,,2.6012420654296875
d1_pool,conditional/no-family,2.5,2,RbC2N,16,2.3142590522766118,-0.3365247249603271,1.0,0,cifs/T2.5_n16_186.cif,6.172,23.82,,wyckoff,44,3,structure,,0.5565699338912964
d1_pool,conditional/no-family,2.5,2,InCl,16,1.7544749975204468,-1.0754185914993286,1.0,0,cifs/T2.5_n16_195.cif,5.864,23.01,,wyckoff,59,2,structure,,2.0640084743499756
d1_pool,conditional/no-family,2.5,2,KBr,16,3.237668991088867,-1.5866942405700684,1.0,0,cifs/T2.5_n16_202.cif,11.729,38.88,,wyckoff,12,2,structure,,0.4402065873146057
d1_pool,conditional/no-family,2.5,2,CsN,16,2.180715560913086,-0.5535666942596436,1.0,0,cifs/T2.5_n16_259.cif,8.073,42.95,,wyckoff,57,2,structure,,3.1757113933563232
d1_pool,conditional/no-family,2.5,2,SrO,16,2.808518409729004,-2.869792938232422,1.0,0,cifs/T2.5_n16_280.cif,7.496,20.87,,wyckoff,63,2,structure,,2.768289089202881
d1_pool,conditional/no-family,2.5,2,KNaZnBr,16,1.9010522365570068,-0.6899666786193848,1.0,0,cifs/T2.5_n16_295.cif,8.89,52.85,,wyckoff,11,5,structure,,2.2263283729553223
d1_pool,conditional/no-family,2.5,2,KPSeSI,20,1.851223945617676,-0.9119307994842528,0.9999999403953552,0,cifs/T2.5_n20_306.cif,10.659,46.41,,wyckoff,14,5,structure,,2.0782017707824707
d1_pool,conditional/no-family,2.5,2,GeO,16,3.2357144355773926,-1.7446932792663574,0.9999999403953552,0,cifs/T2.5_n16_312.cif,9.253,32.19,,wyckoff,86,2,structure,,1.559713363647461
d1_pool,conditional/no-family,2.5,2,CaBr,18,2.02050518989563,-1.8639793395996092,1.0,0,cifs/T2.5_n18_334.cif,9.522,56.41,,wyckoff,146,2,structure,,3.5276787281036377
d1_pool,conditional/no-family,2.5,2,SrC2S,16,2.9682371616363525,-0.7649983167648315,1.0,0,cifs/T2.5_n16_388.cif,10.607,41.85,,wyckoff,62,3,structure,,1.9636048078536987
d1_pool,conditional/no-family,2.5,2,NaF2,12,2.114423990249634,-2.218965530395508,1.0,0,cifs/T2.5_n12_413.cif,4.846,8.66,,wyckoff,5,3,structure,,3.749861001968384
d1_pool,conditional/no-family,2.5,2,BeAsSe2Cl,20,2.1303718090057373,-0.8479838371276855,1.0,0,cifs/T2.5_n20_426.cif,6.115,9.78,,wyckoff,33,5,structure,,1.701400876045227
d1_pool,conditional/no-family,2.5,2,XeF,8,2.235523223876953,-0.8701048493385315,1.0,0,cifs/T2.5_n8_427.cif,4.213,33.18,,wyckoff,14,2,structure,,1.4304449558258057
d1_pool,conditional/no-family,2.5,2,CaMgO3,20,2.945655584335327,-2.699333667755127,1.0,0,cifs/T2.5_n20_464.cif,5.391,8.71,,wyckoff,33,5,structure,,3.1739041805267334
d1_pool,conditional/no-family,2.5,2,NaAlO,18,1.9043858051300049,-2.0624935626983643,1.0,0,cifs/T2.5_n18_542.cif,5.848,15.57,,wyckoff,173,3,structure,,0.8205912113189697
d1_pool,conditional/no-family,2.5,2,RbI,16,1.9952585697174072,-1.2762964963912964,1.0,0,cifs/T2.5_n16_545.cif,11.456,46.73,,wyckoff,12,2,structure,,1.5111603736877441
d1_pool,conditional/no-family,2.5,2,AlS,16,2.837616443634033,-1.4099072217941284,1.0,0,cifs/T2.5_n16_572.cif,10.847,52.76,,wyckoff,36,2,structure,,0.013654261827468872
d1_pool,conditional/no-family,2.5,2,BeBr2,18,2.657099485397339,-1.5296316146850586,0.9999999403953552,0,cifs/T2.5_n18_586.cif,5.506,7.19,,wyckoff,176,2,structure,,2.6336004734039307
d1_pool,conditional/no-family,3.0,2,H2O3,20,2.62623929977417,-0.8840117454528809,0.9999999403953552,0,cifs/T3_n20_14.cif,4.296,19.11,,wyckoff,14,5,structure,,0.16949784755706787
d1_pool,conditional/no-family,3.0,2,HINF2,20,2.7611172199249268,-1.0595707893371582,1.0,0,cifs/T3_n20_15.cif,4.433,22.17,,wyckoff,19,5,structure,,1.020194411277771
d1_pool,conditional/no-family,3.0,2,AlCdGaBr2,20,2.4471471309661865,-0.9900500178337096,1.0,0,cifs/T3_n20_72.cif,15.06,36.24,,wyckoff,14,5,structure,,0.7724932432174683
d1_pool,conditional/no-family,3.0,2,TlI,16,2.2665903568267822,-0.8829718828201294,1.0,0,cifs/T3_n16_87.cif,9.136,64.05,,wyckoff,72,2,structure,,1.912338376045227
d1_pool,conditional/no-family,3.0,2,AlPbCNO,20,2.4607365131378174,-1.3469302654266355,1.0,0,cifs/T3_n20_97.cif,6.056,29.65,,wyckoff,14,5,structure,,0.2322639524936676
d1_pool,conditional/no-family,3.0,2,MgCl2O,16,2.704233169555664,-1.5906667709350586,0.9999999403953552,0,cifs/T3_n16_117.cif,7.857,14.29,,wyckoff,12,3,structure,,2.449871301651001
d1_pool,conditional/no-family,3.0,2,AlCl,8,2.442817449569702,-1.49595046043396,1.0,0,cifs/T3_n8_137.cif,5.576,21.67,,wyckoff,225,2,structure,,3.685927152633667
d1_pool,conditional/no-family,3.0,2,SrI,18,3.122149705886841,-1.8014450073242188,1.0,0,cifs/T3_n18_148.cif,4.854,8.31,,wyckoff,160,2,structure,,1.0185941457748413
d1_pool,conditional/no-family,3.0,2,BS,16,2.903492927551269,-0.7739055156707764,0.9999999403953552,0,cifs/T3_n16_197.cif,7.758,41.2,,wyckoff,62,2,structure,,4.19194221496582
d1_pool,conditional/no-family,3.0,2,BaBHS2,10,3.005218744277954,-1.3107930421829224,1.0,0,cifs/T3_n10_198.cif,9.971,100.93,,wyckoff,2,5,structure,,2.8454809188842773
d1_pool,conditional/no-family,3.0,2,NiF,16,2.563544750213623,-1.8920745849609373,1.0,0,cifs/T3_n16_204.cif,7.827,26.37,,wyckoff,52,2,structure,,1.466802716255188
d1_pool,conditional/no-family,3.0,2,MgBr,18,3.0417511463165283,-1.9246273040771484,0.9999999403953552,0,cifs/T3_n18_207.cif,6.263,12.49,,wyckoff,160,2,structure,,1.7842683792114258
d1_pool,conditional/no-family,3.0,2,CsBr,12,2.919624328613281,-1.7089468240737915,1.0,0,cifs/T3_n12_243.cif,6.851,20.27,,wyckoff,176,2,structure,,3.909743547439575
d1_pool,conditional/no-family,3.0,2,RbI,16,3.666869640350342,-1.398396134376526,1.0,0,cifs/T3_n16_272.cif,11.557,70.35,,wyckoff,60,2,structure,,2.9920806884765625
d1_pool,conditional/no-family,3.0,2,BI,8,2.736846923828125,-0.5259036421775818,0.9999999403953552,0,cifs/T3_n8_307.cif,7.245,29.45,,wyckoff,136,2,structure,,1.7503443956375122
d1_pool,conditional/no-family,3.0,2,Li2O2,16,2.3636314868927,-1.4860745668411257,0.9999999403953552,0,cifs/T3_n16_328.cif,3.679,6.82,,wyckoff,138,2,structure,,3.3179843425750732
d1_pool,conditional/no-family,3.0,2,AlI,16,2.337723970413208,-0.9496383666992188,1.0,0,cifs/T3_n16_335.cif,9.919,88.2,,wyckoff,62,2,structure,,0.007868975400924683
d1_pool,conditional/no-family,3.0,2,Li2O2,16,2.5966172218322754,-1.449888825416565,1.0,0,cifs/T3_n16_368.cif,5.691,19.53,,wyckoff,123,2,structure,,0.006717771291732788
d1_pool,conditional/no-family,3.0,2,AlO,16,3.5230066776275635,-2.933432102203369,0.9999999403953552,0,cifs/T3_n16_393.cif,5.439,11.22,,wyckoff,63,2,structure,,1.8639841079711914
d1_pool,conditional/no-family,3.0,2,BaLiSeS,16,2.274338722229004,-1.7816805839538574,1.0,0,cifs/T3_n16_407.cif,8.487,68.49,,wyckoff,14,4,structure,,1.4120336771011353
d1_pool,conditional/no-family,3.0,2,Li4N3,14,3.493953227996826,-0.7460904121398926,0.9999999403953552,0,cifs/T3_n14_431.cif,5.621,20.77,,wyckoff,173,3,structure,,2.2464447021484375
d1_pool,conditional/no-family,3.0,2,Ba2SrI4,7,2.547631025314331,-1.82991361618042,1.0,0,cifs/T3_n7_446.cif,8.78,52.87,,wyckoff,25,3,structure,,0.9555249214172363
d1_pool,conditional/no-family,3.0,2,MgI,16,2.5651986598968506,-1.251022219657898,1.0,0,cifs/T3_n16_457.cif,5.762,42.43,,wyckoff,36,2,structure,,2.4456353187561035
d1_pool,conditional/no-family,3.0,2,Na2O2,8,2.989049434661865,-1.350534200668335,1.0,0,cifs/T3_n8_488.cif,5.714,67.56,,wyckoff,139,2,structure,,2.3584866523742676
d1_pool,conditional/no-family,3.0,2,CaO,16,3.198662757873535,-3.21773099899292,1.0,0,cifs/T3_n16_540.cif,8.241,25.46,,wyckoff,15,2,structure,,3.269984006881714
d1_pool,conditional/no-family,4.0,2,SiO,16,3.57959532737732,-2.566774368286133,0.9999999403953552,0,cifs/T4_n16_15.cif,9.099,39.55,,wyckoff,86,2,structure,,2.9419338703155518
d1_pool,conditional/no-family,4.0,2,CsCl,16,4.689623832702637,-2.080997467041016,1.0,0,cifs/T4_n16_53.cif,7.4,32.97,,wyckoff,62,2,structure,,3.7779273986816406
d1_pool,conditional/no-family,4.0,2,B(CN)2,20,3.517759084701538,-0.222299039363861,1.0,0,cifs/T4_n20_116.cif,5.396,23.57,,wyckoff,55,3,structure,,0.3580341339111328
d1_pool,conditional/no-family,4.0,2,Cs3OF,20,3.3717472553253174,-1.7872157096862793,1.0,0,cifs/T4_n20_148.cif,6.314,25.57,,wyckoff,5,5,structure,,2.0442023277282715
d1_pool,conditional/no-family,4.0,2,KCl,16,4.513351917266846,-2.0784621238708496,0.9999999403953552,0,cifs/T4_n16_170.cif,8.151,49.42,,wyckoff,62,2,structure,,3.7116034030914307
d1_pool,conditional/no-family,4.0,2,RbCl,16,4.711491584777832,-2.088928699493408,0.9999999403953552,0,cifs/T4_n16_173.cif,10.219,31.13,,wyckoff,44,2,structure,,3.877261161804199
d1_pool,conditional/no-family,4.0,2,SiN,16,4.58827543258667,-1.453640103340149,1.0,0,cifs/T4_n16_190.cif,9.301,51.66,,wyckoff,86,2,structure,,2.75435209274292
d1_pool,conditional/no-family,4.0,2,AlN,18,3.7126903533935542,-1.5710309743881226,1.0,0,cifs/T4_n18_218.cif,5.206,28.7,,wyckoff,160,2,structure,,0.8014390468597412
d1_pool,conditional/no-family,4.0,2,SrI,16,3.5030558109283447,-1.6852937936782837,0.9999999403953552,0,cifs/T4_n16_241.cif,7.195,45.9,,wyckoff,20,2,structure,,2.286334276199341
d1_pool,conditional/no-family,4.0,2,MgO4,20,3.754939317703247,-1.178377389907837,1.0,0,cifs/T4_n20_261.cif,4.169,18.94,,wyckoff,74,2,structure,,1.0664833784103394
d1_pool,conditional/no-family,4.0,2,MgBr,16,3.2936246395111084,-1.7848076820373535,1.0,0,cifs/T4_n16_412.cif,7.782,22.28,,wyckoff,63,2,structure,,1.0125597715377808
d1_pool,conditional/no-family,4.0,2,BCl,16,4.450931549072266,-1.2090210914611816,1.0,0,cifs/T4_n16_497.cif,8.534,62.63,,wyckoff,86,2,structure,,1.858176827430725
d1_pool,conditional/no-family,4.0,2,C3N2,20,4.370143413543701,-0.1028932332992553,0.9999999403953552,0,cifs/T4_n20_541.cif,8.741,28.95,,wyckoff,36,3,structure,,2.233708381652832
d1_pool,conditional/no-family,4.0,2,AlBr2,12,4.003900051116943,-1.6371212005615234,1.0,0,cifs/T4_n12_569.cif,5.006,28.97,,wyckoff,36,2,structure,,5.208787441253662
d1_pool,conditional/no-family,4.0,2,Si3Cl2,20,3.879690647125244,-1.2052515745162964,0.9999999403953552,0,cifs/T4_n20_576.cif,4.14,6.34,,wyckoff,129,3,structure,,0.5020445585250854
d1_pool,conditional/no-family,4.0,2,MgO,16,3.524024724960327,-2.865384101867676,1.0,0,cifs/T4_n16_588.cif,3.74,8.28,,wyckoff,123,2,structure,,3.4715371131896973
d1_pool,conditional/no-family,4.0,2,Be2CN2,20,3.848871946334839,-0.7307783961296082,1.0,0,cifs/T4_n20_627.cif,3.317,6.75,,wyckoff,55,3,structure,,4.535647392272949
d1_pool,conditional/no-family,4.0,2,NaO4,20,3.323411464691162,-0.8701090216636658,0.9999999403953552,0,cifs/T4_n20_669.cif,6.94,17.78,,wyckoff,66,2,structure,,0.15225228667259216
d1_pool,conditional/no-family,4.0,2,YbCl,16,3.650758028030396,-2.604444026947021,1.0000001192092896,0,cifs/T4_n16_693.cif,3.651,14.65,,wyckoff,62,2,structure,,3.348398208618164
d1_pool,conditional/no-family,4.0,2,SrBr2,18,3.840866088867188,-2.2521779537200928,1.0,0,cifs/T4_n18_732.cif,5.979,13.96,,wyckoff,164,2,structure,,3.1399805545806885
d1_pool,conditional/no-family,4.0,2,CsBN3,10,3.6322193145751953,-0.7949470281600952,1.0,0,cifs/T4_n10_758.cif,8.762,55.75,,wyckoff,186,3,structure,,1.0042698383331299
d1_pool,conditional/no-family,4.0,2,Ba(ClO3)2,18,4.347097396850586,-1.199849247932434,0.9999999403953552,0,cifs/T4_n18_785.cif,7.87,29.73,,wyckoff,26,5,structure,,3.573943853378296
d1_pool,conditional/no-family,4.0,2,AlN,18,3.982707977294922,-1.5932774543762207,0.9999999403953552,0,cifs/T4_n18_811.cif,6.672,30.38,,wyckoff,160,2,structure,,1.348903775215149
d1_pool,conditional/no-family,4.0,2,AlSO,12,3.718369722366333,-2.4380922317504883,0.9999999403953552,0,cifs/T4_n12_846.cif,5.197,23.89,,wyckoff,9,3,structure,,1.6287310123443604
d1_pool,conditional/no-family,4.0,2,RbHI,12,4.416367053985596,-1.0027161836624146,1.0,0,cifs/T4_n12_876.cif,9.329,57.38,,wyckoff,9,3,structure,,2.6969892978668213
