requested,formula,label_structure_gap,judge_gap,amd_nearest,known_formula,recorded_gaps,class,charge_balanced,relaxation_drop_eV_atom,spacegroup_designed,spacegroup_relaxed,natoms,file,flag,route,e_hull,e_hull_note,reference_id
1.0,Cs2InFeBr6,1.003,0.781,0.018,False,[],new composition (absent from the data and the reference set),True,0.059,225,225,10,accepted/Cs2InFeBr6_screen-halide-nontoxic.cif,,"Screening, halide, without Tl Pb Cd Hg As Be",0.0,"0.61 eV/atom below every known phase of its system, deeper than a new ground state plausibly lies; the reference set has no Br-Cs, Cs-Fe, Cs-In, Fe-In compound (try --reference mp)",
1.0,K2LiScI6,1.027,0.659,0.006,False,[],new composition (absent from the data and the reference set),True,0.0026,225,225,40,accepted/K2LiScI6_family-generation.cif,,Family generation,0.0248,,
1.0,Rb2InSbI6,1.054,0.867,0.061,True,[0.0],known in the data: its DFT value contradicts both models,True,0.0827,225,225,10,accepted/Rb2InSbI6_screen-halide.cif,,"Screening, halide variant",0.0,,JVASP-107862
1.0,Rb2LiFeBr6,0.983,1.085,0.012,False,[],new composition (absent from the data and the reference set),True,0.0195,225,225,10,accepted/Rb2LiFeBr6_screen-halide.cif,,"Screening, halide variant",0.0,,
1.0,Rb2NaFeBr6,0.989,1.053,0.015,False,[],new composition (absent from the data and the reference set),True,0.0777,225,225,10,accepted/Rb2NaFeBr6_screen-halide.cif,,"Screening, halide variant",0.0,,
1.0,SbTeO3,1.026,0.908,0.534,False,[0.0],known in the reference set: its DFT value contradicts both models,False,8.98,14,14,20,accepted/SbTeO3_family-free.cif,,Family-free generation,0.8205,,JVASP-39202
1.0,Tl2Br,1.365,1.418,0.39,False,[],new composition (absent from the data and the reference set),False,0.1206,225,225,12,accepted/Tl2Br_family-free.cif,,Family-free generation,0.0989,,
1.0,Tl2InSbI6,1.028,0.916,0.007,False,[],new composition (absent from the data and the reference set),True,0.0398,225,225,10,accepted/Tl2InSbI6_screen-halide.cif,,"Screening, halide variant",0.0778,,
2.0,Rb2InSbCl6,1.991,1.82,0.025,True,[0.585],known in the data: its DFT value contradicts both models,True,0.2123,225,225,10,accepted/Rb2InSbCl6_screen-halide.cif,,"Screening, halide variant",0.0003,,JVASP-102091
3.0,Ba2MgWO6,2.993,3.073,0.004,True,[2.822],known in the data: its DFT value confirms (rediscovery),True,0.1058,225,225,10,accepted/Ba2MgWO6_screen-oxide.cif,,"Screening, oxide variant",0.0,,JVASP-87169
3.0,Rb2KInCl6,3.109,3.37,0.018,False,[],new composition (absent from the data and the reference set),True,0.1687,225,225,10,accepted/Rb2KInCl6_screen-halide.cif,,"Screening, halide variant",0.0,,
3.0,Tl2InSbF6,3.021,2.661,0.009,False,[],new composition (absent from the data and the reference set),True,0.4046,225,225,40,accepted/Tl2InSbF6_family-generation.cif,,Family generation,0.0074,,
